IF OBJECT_ID(N'[__EFMigrationsHistory]') IS NULL
BEGIN
    CREATE TABLE [__EFMigrationsHistory] (
        [MigrationId] nvarchar(150) NOT NULL,
        [ProductVersion] nvarchar(32) NOT NULL,
        CONSTRAINT [PK___EFMigrationsHistory] PRIMARY KEY ([MigrationId])
    );
END;
GO

BEGIN TRANSACTION;
GO

CREATE TABLE [Personagens] (
    [Id] int NOT NULL IDENTITY,
    [Nome] nvarchar(max) NOT NULL,
    [PontosVida] int NOT NULL,
    [Forca] int NOT NULL,
    [Defesa] int NOT NULL,
    [Inteligencia] int NOT NULL,
    [Classe] int NOT NULL,
    CONSTRAINT [PK_Personagens] PRIMARY KEY ([Id])
);
GO

IF EXISTS (SELECT * FROM [sys].[identity_columns] WHERE [name] IN (N'Id', N'Classe', N'Defesa', N'Forca', N'Inteligencia', N'Nome', N'PontosVida') AND [object_id] = OBJECT_ID(N'[Personagens]'))
    SET IDENTITY_INSERT [Personagens] ON;
INSERT INTO [Personagens] ([Id], [Classe], [Defesa], [Forca], [Inteligencia], [Nome], [PontosVida])
VALUES (1, 1, 23, 17, 33, N'Frodo', 100),
(2, 1, 25, 15, 30, N'Sam', 100),
(3, 3, 21, 18, 35, N'Galadriel', 100),
(4, 2, 18, 18, 37, N'Gandalf', 100),
(5, 1, 17, 20, 31, N'Hobbit', 100),
(6, 3, 13, 21, 34, N'Celeborn', 100),
(7, 2, 11, 25, 35, N'Radagast', 100);
IF EXISTS (SELECT * FROM [sys].[identity_columns] WHERE [name] IN (N'Id', N'Classe', N'Defesa', N'Forca', N'Inteligencia', N'Nome', N'PontosVida') AND [object_id] = OBJECT_ID(N'[Personagens]'))
    SET IDENTITY_INSERT [Personagens] OFF;
GO

INSERT INTO [__EFMigrationsHistory] ([MigrationId], [ProductVersion])
VALUES (N'20220919043601_InitialCreate', N'6.0.10');
GO

COMMIT;
GO

BEGIN TRANSACTION;
GO

CREATE TABLE [Armas] (
    [Id] int NOT NULL IDENTITY,
    [Nome] nvarchar(max) NOT NULL,
    [Dano] int NOT NULL,
    CONSTRAINT [PK_Armas] PRIMARY KEY ([Id])
);
GO

IF EXISTS (SELECT * FROM [sys].[identity_columns] WHERE [name] IN (N'Id', N'Dano', N'Nome') AND [object_id] = OBJECT_ID(N'[Armas]'))
    SET IDENTITY_INSERT [Armas] ON;
INSERT INTO [Armas] ([Id], [Dano], [Nome])
VALUES (1, 25, N'Espada de Duas Mãos'),
(2, 25, N'Machado de Duas Mãos'),
(3, 25, N'Clava de Duas Mãos'),
(4, 20, N'Espada e Escudo'),
(5, 20, N'Machado e Escudo'),
(6, 20, N'Clava e Escudo'),
(7, 15, N'Cajado Elemental');
IF EXISTS (SELECT * FROM [sys].[identity_columns] WHERE [name] IN (N'Id', N'Dano', N'Nome') AND [object_id] = OBJECT_ID(N'[Armas]'))
    SET IDENTITY_INSERT [Armas] OFF;
GO

INSERT INTO [__EFMigrationsHistory] ([MigrationId], [ProductVersion])
VALUES (N'20220927044212_MigrationArmas', N'6.0.10');
GO

COMMIT;
GO

BEGIN TRANSACTION;
GO

DECLARE @var0 sysname;
SELECT @var0 = [d].[name]
FROM [sys].[default_constraints] [d]
INNER JOIN [sys].[columns] [c] ON [d].[parent_column_id] = [c].[column_id] AND [d].[parent_object_id] = [c].[object_id]
WHERE ([d].[parent_object_id] = OBJECT_ID(N'[Personagens]') AND [c].[name] = N'Nome');
IF @var0 IS NOT NULL EXEC(N'ALTER TABLE [Personagens] DROP CONSTRAINT [' + @var0 + '];');
ALTER TABLE [Personagens] ALTER COLUMN [Nome] nvarchar(max) NULL;
GO

ALTER TABLE [Personagens] ADD [FotoPersonagem] varbinary(max) NULL;
GO

ALTER TABLE [Personagens] ADD [UsuarioId] int NULL;
GO

DECLARE @var1 sysname;
SELECT @var1 = [d].[name]
FROM [sys].[default_constraints] [d]
INNER JOIN [sys].[columns] [c] ON [d].[parent_column_id] = [c].[column_id] AND [d].[parent_object_id] = [c].[object_id]
WHERE ([d].[parent_object_id] = OBJECT_ID(N'[Armas]') AND [c].[name] = N'Nome');
IF @var1 IS NOT NULL EXEC(N'ALTER TABLE [Armas] DROP CONSTRAINT [' + @var1 + '];');
ALTER TABLE [Armas] ALTER COLUMN [Nome] nvarchar(max) NULL;
GO

CREATE TABLE [Usuarios] (
    [Id] int NOT NULL IDENTITY,
    [UserName] nvarchar(max) NULL,
    [PasswordHash] varbinary(max) NULL,
    [PasswordSalt] varbinary(max) NULL,
    [Foto] varbinary(max) NULL,
    [Latitude] float NULL,
    [Longitude] float NULL,
    [DataAcesso] datetime2 NULL,
    [Perfil] nvarchar(max) NULL DEFAULT N'Jogador',
    [Email] nvarchar(max) NULL,
    CONSTRAINT [PK_Usuarios] PRIMARY KEY ([Id])
);
GO

IF EXISTS (SELECT * FROM [sys].[identity_columns] WHERE [name] IN (N'Id', N'DataAcesso', N'Email', N'Foto', N'Latitude', N'Longitude', N'PasswordHash', N'PasswordSalt', N'Perfil', N'UserName') AND [object_id] = OBJECT_ID(N'[Usuarios]'))
    SET IDENTITY_INSERT [Usuarios] ON;
INSERT INTO [Usuarios] ([Id], [DataAcesso], [Email], [Foto], [Latitude], [Longitude], [PasswordHash], [PasswordSalt], [Perfil], [UserName])
VALUES (1, NULL, NULL, NULL, NULL, NULL, 0xABD3B874482FBAE9C940686E07230E7D845E34D6796056EA09DFC8399217D4C3C10837EE29C8B043A1AD64DA8452691F7CEF41E8B7D66D1B1553427368B76B70, 0xEBF5F0B961F859D5F651B89F42E8360A93419761EAB365E687695740990EF51688BE5ED825C2C4551F359B50262801259AB7F601381A390D7A5BD635BBA58344A5C7D727CAC66F12CEF72B36C4C605384336B56AC3C7ACA356DE9FAF76D90971AF011BA96781B60486B10730B20B4B54286B753B209BC85799909DFF7AAE5159, N'Admin', N'UsuarioAdmin');
IF EXISTS (SELECT * FROM [sys].[identity_columns] WHERE [name] IN (N'Id', N'DataAcesso', N'Email', N'Foto', N'Latitude', N'Longitude', N'PasswordHash', N'PasswordSalt', N'Perfil', N'UserName') AND [object_id] = OBJECT_ID(N'[Usuarios]'))
    SET IDENTITY_INSERT [Usuarios] OFF;
GO

CREATE INDEX [IX_Personagens_UsuarioId] ON [Personagens] ([UsuarioId]);
GO

ALTER TABLE [Personagens] ADD CONSTRAINT [FK_Personagens_Usuarios_UsuarioId] FOREIGN KEY ([UsuarioId]) REFERENCES [Usuarios] ([Id]);
GO

INSERT INTO [__EFMigrationsHistory] ([MigrationId], [ProductVersion])
VALUES (N'20221004011722_MigracaoUsuario', N'6.0.10');
GO

COMMIT;
GO

BEGIN TRANSACTION;
GO

ALTER TABLE [Armas] ADD [PersonagemId] int NOT NULL DEFAULT 0;
GO

UPDATE [Armas] SET [PersonagemId] = 1
WHERE [Id] = 1;
SELECT @@ROWCOUNT;

GO

UPDATE [Armas] SET [PersonagemId] = 2
WHERE [Id] = 2;
SELECT @@ROWCOUNT;

GO

UPDATE [Armas] SET [PersonagemId] = 3
WHERE [Id] = 3;
SELECT @@ROWCOUNT;

GO

UPDATE [Armas] SET [PersonagemId] = 4
WHERE [Id] = 4;
SELECT @@ROWCOUNT;

GO

UPDATE [Armas] SET [PersonagemId] = 5
WHERE [Id] = 5;
SELECT @@ROWCOUNT;

GO

UPDATE [Armas] SET [PersonagemId] = 6
WHERE [Id] = 6;
SELECT @@ROWCOUNT;

GO

UPDATE [Armas] SET [PersonagemId] = 7
WHERE [Id] = 7;
SELECT @@ROWCOUNT;

GO

UPDATE [Usuarios] SET [PasswordHash] = 0x6E82E8F947A811DCC87A259030D3F1F5A6D30D1D38D25E530E5DDE1384B29916DEBCA10116133C5551DF94625D53D4F7BE11377C6F4503B8C43BC4B2D5CD6182, [PasswordSalt] = 0x9B919C96D97A9CB078D4416EF51B76598D02C9D3E596D7B58FAD26FF7BC13D86B3988EE1CF6FB356ED65502E2FA1509EA992A12C5105C93799A4EED7AEFB283A710248AA5E1A1C7572466D59094BBE49097C10E12D2C233C58263C6373BFDAFF916AED4C549B103BEE64CDDA65C0F927DB77048537C85302AED921AD9BB7E896
WHERE [Id] = 1;
SELECT @@ROWCOUNT;

GO

CREATE UNIQUE INDEX [IX_Armas_PersonagemId] ON [Armas] ([PersonagemId]);
GO

ALTER TABLE [Armas] ADD CONSTRAINT [FK_Armas_Personagens_PersonagemId] FOREIGN KEY ([PersonagemId]) REFERENCES [Personagens] ([Id]) ON DELETE CASCADE;
GO

INSERT INTO [__EFMigrationsHistory] ([MigrationId], [ProductVersion])
VALUES (N'20221016220759_MigracaoUmParaUm', N'6.0.10');
GO

COMMIT;
GO

BEGIN TRANSACTION;
GO

ALTER TABLE [Personagens] ADD [Derrotas] int NOT NULL DEFAULT 0;
GO

ALTER TABLE [Personagens] ADD [Disputas] int NOT NULL DEFAULT 0;
GO

ALTER TABLE [Personagens] ADD [Vitorias] int NOT NULL DEFAULT 0;
GO

CREATE TABLE [Habilidades] (
    [Id] int NOT NULL IDENTITY,
    [Nome] nvarchar(max) NULL,
    [Dano] int NOT NULL,
    CONSTRAINT [PK_Habilidades] PRIMARY KEY ([Id])
);
GO

CREATE TABLE [PersonagemHabilidades] (
    [PersonagemId] int NOT NULL,
    [HabilidadeId] int NOT NULL,
    CONSTRAINT [PK_PersonagemHabilidades] PRIMARY KEY ([PersonagemId], [HabilidadeId]),
    CONSTRAINT [FK_PersonagemHabilidades_Habilidades_HabilidadeId] FOREIGN KEY ([HabilidadeId]) REFERENCES [Habilidades] ([Id]) ON DELETE CASCADE,
    CONSTRAINT [FK_PersonagemHabilidades_Personagens_PersonagemId] FOREIGN KEY ([PersonagemId]) REFERENCES [Personagens] ([Id]) ON DELETE CASCADE
);
GO

IF EXISTS (SELECT * FROM [sys].[identity_columns] WHERE [name] IN (N'Id', N'Dano', N'Nome') AND [object_id] = OBJECT_ID(N'[Habilidades]'))
    SET IDENTITY_INSERT [Habilidades] ON;
INSERT INTO [Habilidades] ([Id], [Dano], [Nome])
VALUES (1, 39, N'Adormecer'),
(2, 41, N'Congelar'),
(3, 37, N'Hipnotizar');
IF EXISTS (SELECT * FROM [sys].[identity_columns] WHERE [name] IN (N'Id', N'Dano', N'Nome') AND [object_id] = OBJECT_ID(N'[Habilidades]'))
    SET IDENTITY_INSERT [Habilidades] OFF;
GO

UPDATE [Usuarios] SET [PasswordHash] = 0x80FF0BACEE07309C34346C30D8D88526405D94CDEF10A3D3346CEDC2496ECC46C12E4B3CEA6C171E7730B7E7D9910C537E28CB785528577D7A7AEA7B09DCBFB4, [PasswordSalt] = 0xAF82B0E15C8B84B756D719D6360C2048EE9AFA6FBAB8C9D2269E254C09612B4A2EEA10FDDC01F4F96067A453E61611357057FAC3EDE9E569743E01B3A4EBD0B83878D00FD1BD1722BCBE10922312BE66C87A27F1B47FEC3690FD493BA4B5BAA85AAD733B03E408FECA2A51FDC01334EFC65103A4BAC4538832E8727DA807711C
WHERE [Id] = 1;
SELECT @@ROWCOUNT;

GO

IF EXISTS (SELECT * FROM [sys].[identity_columns] WHERE [name] IN (N'HabilidadeId', N'PersonagemId') AND [object_id] = OBJECT_ID(N'[PersonagemHabilidades]'))
    SET IDENTITY_INSERT [PersonagemHabilidades] ON;
INSERT INTO [PersonagemHabilidades] ([HabilidadeId], [PersonagemId])
VALUES (1, 1),
(2, 1),
(2, 2),
(2, 3),
(3, 3),
(3, 4),
(1, 5),
(2, 6),
(3, 7);
IF EXISTS (SELECT * FROM [sys].[identity_columns] WHERE [name] IN (N'HabilidadeId', N'PersonagemId') AND [object_id] = OBJECT_ID(N'[PersonagemHabilidades]'))
    SET IDENTITY_INSERT [PersonagemHabilidades] OFF;
GO

CREATE INDEX [IX_PersonagemHabilidades_HabilidadeId] ON [PersonagemHabilidades] ([HabilidadeId]);
GO

INSERT INTO [__EFMigrationsHistory] ([MigrationId], [ProductVersion])
VALUES (N'20221016231414_MigracaoMuitosParaMuitos', N'6.0.10');
GO

COMMIT;
GO

